["```\nshell> mysql -h localhost -P 3306 -u <username> -p<password>\nshell> mysql --host=localhost --port=3306 --user=root --password=<password>\nshell> mysql --host localhost --port 3306 --user root --password=<password>\n```", "```\nshell> mysql --host=localhost --port=3306 --user=root --password  \nEnter Password:\n```", "```\nshell> whoami\n```", "```\nmysql> ^DBye\nshell> \n```", "```\nmysql> exit;\nBye\nshell>\n```", "```\nmysql> SELECT 1;\n+---+\n| 1 |\n+---+\n| 1 |\n+---+\n1 row in set (0.00 sec)\n```", "```\nmysql> SELECT ^C\nmysql> SELECT \\c\n```", "```\nWarning: Using a password on the command line interface can be insecure.\n```", "```\ncustomer id=1, first_name=Mike, last_name=Christensen country=USA\ncustomer id=2, first_name=Andy, last_name=Hollands, country=Australia\ncustomer id=3, first_name=Ravi, last_name=Vedantam, country=India\ncustomer id=4, first_name= Rajiv, last_name=Perera, country=Sri Lanka\n```", "```\nshell> mysql -u root -p\nEnter Password:\nmysql> CREATE DATABASE company;\nmysql> CREATE DATABASE `my.contacts`;\n```", "```\nmysql> USE company\nmysql> USE `my.contacts`\n```", "```\nshell> mysql -u root -p company\n```", "```\nmysql> SELECT DATABASE();\n+------------+\n| DATABASE() |\n+------------+\n| company    |\n+------------+\n1 row in set (0.00 sec)\n```", "```\nmysql> SHOW DATABASES;\n+--------------------+\n| Database           |\n+--------------------+\n| company            |\n| my.contacts        |\n| information_schema |\n| mysql              |\n| performance_schema |\n| sys                |\n+--------------------+\n6 rows in set (0.00 sec)\n```", "```\nmysql> SHOW VARIABLES LIKE 'datadir';\n+---------------+------------------------+\n| Variable_name | Value                  |\n+---------------+------------------------+\n| datadir       | /usr/local/mysql/data/ |\n+---------------+------------------------+\n1 row in set (0.00 sec)\n```", "```\nshell> sudo ls -lhtr /usr/local/mysql/data/ \ntotal 185M\n-rw-r----- 1 mysql mysql   56 Jun  2 16:57 auto.cnf\n-rw-r----- 1 mysql mysql  257 Jun  2 16:57 performance_sche_3.SDI\ndrwxr-x--- 2 mysql mysql 4.0K Jun  2 16:57 performance_schema\ndrwxr-x--- 2 mysql mysql 4.0K Jun  2 16:57 mysql\n-rw-r----- 1 mysql mysql  242 Jun  2 16:57 sys_4.SDI\ndrwxr-x--- 2 mysql mysql 4.0K Jun  2 16:57 sys\n-rw------- 1 mysql root  1.7K Jun  2 16:58 ca-key.pem\n-rw-r--r-- 1 mysql root  1.1K Jun  2 16:58 ca.pem\n-rw------- 1 mysql root  1.7K Jun  2 16:58 server-key.pem\n-rw-r--r-- 1 mysql root  1.1K Jun  2 16:58 server-cert.pem\n-rw------- 1 mysql root  1.7K Jun  2 16:58 client-key.pem\n-rw-r--r-- 1 mysql root  1.1K Jun  2 16:58 client-cert.pem\n-rw------- 1 mysql root  1.7K Jun  2 16:58 private_key.pem\n-rw-r--r-- 1 mysql root   451 Jun  2 16:58 public_key.pem\n-rw-r----- 1 mysql mysql 1.4K Jun  2 17:46 ib_buffer_pool\n-rw-r----- 1 mysql mysql    5 Jun  2 17:46 server1.pid\n-rw-r----- 1 mysql mysql  247 Jun  3 13:55 company_5.SDI\ndrwxr-x--- 2 mysql mysql 4.0K Jun  4 08:13 company\n-rw-r----- 1 mysql mysql  12K Jun  4 18:58 server1.err\n-rw-r----- 1 mysql mysql  249 Jun  5 16:17 employees_8.SDI\ndrwxr-x--- 2 mysql mysql 4.0K Jun  5 16:17 employees\n-rw-r----- 1 mysql mysql  76M Jun  5 16:18 ibdata1\n-rw-r----- 1 mysql mysql  48M Jun  5 16:18 ib_logfile1\n-rw-r----- 1 mysql mysql  48M Jun  5 16:18 ib_logfile0\n-rw-r----- 1 mysql mysql  12M Jun 10 10:29 ibtmp1\n```", "```\nmysql> CREATE TABLE IF NOT EXISTS `company`.`customers` (\n`id` int unsigned AUTO_INCREMENT PRIMARY KEY,\n`first_name` varchar(20),\n`last_name` varchar(20),\n`country` varchar(20)\n) ENGINE=InnoDB;\n```", "```\nmysql> SHOW ENGINES\\G\n*************************** 1\\. row ***************************\n      Engine: MRG_MYISAM\n     Support: YES\n     Comment: Collection of identical MyISAM tables\nTransactions: NO\n          XA: NO\n  Savepoints: NO\n*************************** 2\\. row ***************************\n      Engine: FEDERATED\n     Support: NO\n     Comment: Federated MySQL storage engine\nTransactions: NULL\n          XA: NULL\n  Savepoints: NULL\n*************************** 3\\. row ***************************\n      Engine: InnoDB\n     Support: DEFAULT\n     Comment: Supports transactions, row-level locking, and foreign keys\nTransactions: YES\n          XA: YES\n  Savepoints: YES\n*************************** 4\\. row ***************************\n      Engine: BLACKHOLE\n     Support: YES\n     Comment: /dev/null storage engine (anything you write to it disappears)\nTransactions: NO\n          XA: NO\n  Savepoints: NO\n*************************** 5\\. row ***************************\n      Engine: CSV\n     Support: YES\n     Comment: CSV storage engine\nTransactions: NO\n          XA: NO\n  Savepoints: NO\n*************************** 6\\. row ***************************\n      Engine: MEMORY\n     Support: YES\n     Comment: Hash based, stored in memory, useful for temporary tables\nTransactions: NO\n          XA: NO\n  Savepoints: NO\n*************************** 7\\. row ***************************\n      Engine: PERFORMANCE_SCHEMA\n     Support: YES\n     Comment: Performance Schema\nTransactions: NO\n          XA: NO\n  Savepoints: NO\n*************************** 8\\. row ***************************\n      Engine: ARCHIVE\n     Support: YES\n     Comment: Archive storage engine\nTransactions: NO\n          XA: NO\n  Savepoints: NO\n*************************** 9\\. row ***************************\n      Engine: MyISAM\n     Support: YES\n     Comment: MyISAM storage engine\nTransactions: NO\n          XA: NO\n  Savepoints: NO\n9 rows in set (0.00 sec)\n```", "```\nmysql> CREATE TABLE `company`.`payments`(\n`customer_name` varchar(20) PRIMARY KEY,\n`payment` float\n);\n```", "```\nmysql> SHOW TABLES;\n+-------------------+\n| Tables_in_company |\n+-------------------+\n| customers         |\n| payments          |\n+-------------------+\n2 rows in set (0.00 sec)\n```", "```\nmysql> SHOW CREATE TABLE customers\\G\n*************************** 1\\. row ***************************\n Table: customers\nCreate Table: CREATE TABLE `customers` (\n `id` int(10) unsigned NOT NULL AUTO_INCREMENT,\n `first_name` varchar(20) DEFAULT NULL,\n `last_name` varchar(20) DEFAULT NULL,\n `country` varchar(20) DEFAULT NULL,\n PRIMARY KEY (`id`)\n) ENGINE=InnoDB AUTO_INCREMENT=9 DEFAULT CHARSET=utf8mb4\n1 row in set (0.00 sec)\n```", "```\nmysql> DESC customers;\n+------------+------------------+------+-----+---------+----------------+\n| Field      | Type             | Null | Key | Default | Extra          |\n+------------+------------------+------+-----+---------+----------------+\n| id         | int(10) unsigned | NO   | PRI | NULL    | auto_increment |\n| first_name | varchar(20)      | YES  |     | NULL    |                |\n| last_name  | varchar(20)      | YES  |     | NULL    |                |\n| country    | varchar(20)      | YES  |     | NULL    |                |\n+------------+------------------+------+-----+---------+----------------+\n4 rows in set (0.01 sec)\n\n```", "```\nshell> sudo ls -lhtr /usr/local/mysql/data/company\ntotal 256K\n-rw-r----- 1 mysql mysql 128K Jun 4 07:36 customers.ibd\n-rw-r----- 1 mysql mysql 128K Jun 4 08:24 payments.ibd\n```", "```\nmysql> CREATE TABLE new_customers LIKE customers;\nQuery OK, 0 rows affected (0.05 sec)\n```", "```\nmysql> SHOW CREATE TABLE new_customers\\G\n*************************** 1\\. row ***************************\n       Table: new_customers\nCreate Table: CREATE TABLE `new_customers` (\n  `id` int(10) unsigned NOT NULL AUTO_INCREMENT,\n  `first_name` varchar(20) DEFAULT NULL,\n  `last_name` varchar(20) DEFAULT NULL,\n  `country` varchar(20) DEFAULT NULL,\n  PRIMARY KEY (`id`)\n) ENGINE=InnoDB DEFAULT CHARSET=utf8mb4\n1 row in set (0.00 sec)\n```", "```\nmysql> INSERT IGNORE INTO `company`.`customers`(first_name, last_name,country)\nVALUES \n('Mike', 'Christensen', 'USA'),\n('Andy', 'Hollands', 'Australia'),\n('Ravi', 'Vedantam', 'India'),\n('Rajiv', 'Perera', 'Sri Lanka');\n```", "```\nmysql> INSERT IGNORE INTO `company`.`customers`(id, first_name, last_name,country)\nVALUES \n(1, 'Mike', 'Christensen', 'USA'),\n(2, 'Andy', 'Hollands', 'Australia'),\n(3, 'Ravi', 'Vedantam', 'India'),\n(4, 'Rajiv', 'Perera', 'Sri Lanka');\n\nQuery OK, 0 rows affected, 4 warnings (0.00 sec)\nRecords: 4 Duplicates: 4 Warnings: 4\n```", "```\nmysql> SHOW WARNINGS;\n+---------+------+---------------------------------------+\n| Level   | Code | Message                               |\n+---------+------+---------------------------------------+\n| Warning | 1062 | Duplicate entry '1' for key 'PRIMARY' |\n| Warning | 1062 | Duplicate entry '2' for key 'PRIMARY' |\n| Warning | 1062 | Duplicate entry '3' for key 'PRIMARY' |\n| Warning | 1062 | Duplicate entry '4' for key 'PRIMARY' |\n+---------+------+---------------------------------------+\n4 rows in set (0.00 sec)\n```", "```\nmysql> UPDATE customers SET first_name='Rajiv', country='UK' WHERE id=4;\nQuery OK, 1 row affected (0.00 sec)\nRows matched: 1  Changed: 1  Warnings: 0\n```", "```\nmysql> DELETE FROM customers WHERE id=4 AND first_name='Rajiv';\nQuery OK, 1 row affected (0.03 sec)\n```", "```\nmysql> REPLACE INTO customers VALUES (1,'Mike','Christensen','America');\nQuery OK, 2 rows affected (0.03 sec)\n```", "```\nmysql> INSERT INTO payments VALUES('Mike Christensen', 200) ON DUPLICATE KEY UPDATE payment=payment+VALUES(payment);\nQuery OK, 1 row affected (0.00 sec)\nmysql> INSERT INTO payments VALUES('Ravi Vedantam',500) ON DUPLICATE KEY UPDATE payment=payment+VALUES(payment);\nQuery OK, 1 row affected (0.01 sec)\n```", "```\nmysql> INSERT INTO payments VALUES('Mike Christensen', 300) ON DUPLICATE KEY UPDATE payment=payment+VALUES(payment);\nQuery OK, 2 rows affected (0.00 sec)\n```", "```\nmysql> TRUNCATE TABLE customers;\nQuery OK, 0 rows affected (0.03 sec)\n```", "```\nshell> wget 'https://codeload.github.com/datacharmer/test_db/zip/master' -O master.zip\n```", "```\nshell> unzip master.zip\n```", "```\nshell> cd test_db-master\n\nshell> mysql -u root -p < employees.sql\nmysql: [Warning] Using a password on the command line interface can be insecure.\nINFO\nCREATING DATABASE STRUCTURE\nINFO\nstorage engine: InnoDB\nINFO\nLOADING departments\nINFO\nLOADING employees\nINFO\nLOADING dept_emp\nINFO\nLOADING dept_manager\nINFO\nLOADING titles\nINFO\nLOADING salaries\ndata_load_time_diff\nNULL\n```", "```\nshell> mysql -u root -p  employees -A\nmysql: [Warning] Using a password on the command line interface can be insecure.\nWelcome to the MySQL monitor.  Commands end with ; or \\g.\nYour MySQL connection id is 35\nServer version: 8.0.3-rc-log MySQL Community Server (GPL)\nCopyright (c) 2000, 2017, Oracle and/or its affiliates. All rights reserved.\nOracle is a registered trademark of Oracle Corporation and/or its\naffiliates. Other names may be trademarks of their respective\nowners.\n\nType 'help;' or '\\h' for help. Type '\\c' to clear the current input statement.\n```", "```\nmysql> SHOW TABLES;\n+-------------------------+\n| Tables_in_employees     |\n+-------------------------+\n| current_dept_emp        |\n| departments             |\n| dept_emp                |\n| dept_emp_latest_date    |\n| dept_manager            |\n| employees               |\n| salaries                |\n| titles                  |\n+-------------------------+\n8 rows in set (0.00 sec)\n```", "```\nmysql> DESC employees\\G\n*************************** 1\\. row ***************************\n  Field: emp_no\n   Type: int(11)\n   Null: NO\n    Key: PRI\nDefault: NULL\n  Extra: \n*************************** 2\\. row ***************************\n  Field: birth_date\n   Type: date\n   Null: NO\n    Key: \nDefault: NULL\n  Extra: \n*************************** 3\\. row ***************************\n  Field: first_name\n   Type: varchar(14)\n   Null: NO\n    Key: \nDefault: NULL\n  Extra: \n*************************** 4\\. row ***************************\n  Field: last_name\n   Type: varchar(16)\n   Null: NO\n    Key: \nDefault: NULL\n  Extra: \n*************************** 5\\. row ***************************\n  Field: gender\n   Type: enum('M','F')\n   Null: NO\n    Key: \nDefault: NULL\n  Extra: \n*************************** 6\\. row ***************************\n  Field: hire_date\n   Type: date\n   Null: NO\n    Key: \nDefault: NULL\n  Extra: \n6 rows in set (0.00 sec)\n```", "```\nmysql> SELECT * FROM departments;\n+---------+--------------------+\n| dept_no | dept_name          |\n+---------+--------------------+\n| d009    | Customer Service   |\n| d005    | Development        |\n| d002    | Finance            |\n| d003    | Human Resources    |\n| d001    | Marketing          |\n| d004    | Production         |\n| d006    | Quality Management |\n| d008    | Research           |\n| d007    | Sales              |\n+---------+--------------------+\n9 rows in set (0.00 sec)\n```", "```\nmysql> SELECT emp_no, dept_no FROM dept_manager;\n+--------+---------+\n| emp_no | dept_no |\n+--------+---------+\n| 110022 | d001    |\n| 110039 | d001    |\n| 110085 | d002    |\n| 110114 | d002    |\n| 110183 | d003    |\n| 110228 | d003    |\n| 110303 | d004    |\n| 110344 | d004    |\n| 110386 | d004    |\n| 110420 | d004    |\n| 110511 | d005    |\n| 110567 | d005    |\n| 110725 | d006    |\n| 110765 | d006    |\n| 110800 | d006    |\n| 110854 | d006    |\n| 111035 | d007    |\n| 111133 | d007    |\n| 111400 | d008    |\n| 111534 | d008    |\n| 111692 | d009    |\n| 111784 | d009    |\n| 111877 | d009    |\n| 111939 | d009    |\n+--------+---------+\n24 rows in set (0.00 sec)\n\n```", "```\nmysql> SELECT COUNT(*) FROM employees;\n+----------+\n| COUNT(*) |\n+----------+\n|   300024 |\n+----------+\n1 row in set (0.03 sec)\n\n```", "```\nmysql> SELECT emp_no FROM employees WHERE first_name='Georgi' AND last_name='Facello';\n+--------+\n| emp_no |\n+--------+\n|  10001 |\n|  55649 |\n+--------+\n2 rows in set (0.08 sec)\n```", "```\nmysql> SELECT COUNT(*) FROM employees WHERE last_name IN ('Christ', 'Lamba', 'Baba');\n+----------+\n| COUNT(*) |\n+----------+\n|      626 |\n+----------+\n1 row in set (0.08 sec)\n```", "```\nmysql> SELECT COUNT(*) FROM employees WHERE hire_date BETWEEN '1986-12-01' AND '1986-12-31';\n+----------+\n| COUNT(*) |\n+----------+\n|     3081 |\n+----------+\n1 row in set (0.06 sec)\n```", "```\nmysql> SELECT COUNT(*) FROM employees WHERE hire_date NOT BETWEEN '1986-12-01' AND '1986-12-31';\n+----------+\n| COUNT(*) |\n+----------+\n|   296943 |\n+----------+\n1 row in set (0.08 sec)\n```", "```\nmysql> SELECT COUNT(*) FROM employees WHERE first_name LIKE 'christ%';\n+----------+\n| COUNT(*) |\n+----------+\n|     1157 |\n+----------+\n1 row in set (0.06 sec)\n```", "```\nmysql> SELECT COUNT(*) FROM employees WHERE first_name LIKE 'christ%ed';\n+----------+\n| COUNT(*) |\n+----------+\n|      228 |\n+----------+\n1 row in set (0.06 sec)\n```", "```\nmysql> SELECT COUNT(*) FROM employees WHERE first_name LIKE '%sri%';\n+----------+\n| COUNT(*) |\n+----------+\n|      253 |\n+----------+\n1 row in set (0.08 sec)\n```", "```\nmysql> SELECT COUNT(*) FROM employees WHERE first_name LIKE '%er';\n+----------+\n| COUNT(*) |\n+----------+\n|     5388 |\n+----------+\n1 row in set (0.08 sec)\n```", "```\nmysql> SELECT COUNT(*) FROM employees WHERE first_name LIKE '__ka%';\n+----------+\n| COUNT(*) |\n+----------+\n|     1918 |\n+----------+\n1 row in set (0.06 sec)\n```", "```\nmysql> SELECT COUNT(*) FROM employees WHERE first_name RLIKE '^christ';\n+----------+\n| COUNT(*) |\n+----------+\n|     1157 |\n+----------+\n1 row in set (0.18 sec)\n```", "```\nmysql> SELECT COUNT(*) FROM employees WHERE last_name REGEXP 'ba$';\n+----------+\n| COUNT(*) |\n+----------+\n|     1008 |\n+----------+\n1 row in set (0.15 sec)\n```", "```\nmysql> SELECT COUNT(*) FROM employees WHERE last_name NOT REGEXP '[aeiou]';\n+----------+\n| COUNT(*) |\n+----------+\n|      148 |\n+----------+\n1 row in set (0.11 sec)\n```", "```\nmysql> SELECT first_name, last_name FROM employees WHERE hire_date < '1986-01-01' LIMIT 10;\n+------------+------------+\n| first_name | last_name  |\n+------------+------------+\n| Bezalel    | Simmel     |\n| Sumant     | Peac       |\n| Eberhardt  | Terkki     |\n| Otmar      | Herbst     |\n| Florian    | Syrotiuk   |\n| Tse        | Herber     |\n| Udi        | Jansch     |\n| Reuven     | Garigliano |\n| Erez       | Ritzmann   |\n| Premal     | Baek       |\n+------------+------------+\n10 rows in set (0.00 sec)\n```", "```\nmysql> SELECT COUNT(*) AS count FROM employees WHERE hire_date BETWEEN '1986-12-01' AND '1986-12-31';\n+-------+\n| count |\n+-------+\n|  3081 |\n+-------+\n1 row in set (0.06 sec)\n```", "```\nmysql> SELECT emp_no,salary FROM salaries ORDER BY salary DESC LIMIT 5;\n+--------+--------+\n| emp_no | salary |\n+--------+--------+\n|  43624 | 158220 |\n|  43624 | 157821 |\n| 254466 | 156286 |\n|  47978 | 155709 |\n| 253939 | 155513 |\n+--------+--------+\n5 rows in set (0.74 sec)\n```", "```\nmysql> SELECT emp_no,salary FROM salaries ORDER BY 2 DESC LIMIT 5;\n+--------+--------+\n| emp_no | salary |\n+--------+--------+\n|  43624 | 158220 |\n|  43624 | 157821 |\n| 254466 | 156286 |\n|  47978 | 155709 |\n| 253939 | 155513 |\n+--------+--------+\n5 rows in set (0.78 sec)\n```", "```\nmysql> SELECT gender, COUNT(*) AS count FROM employees GROUP BY gender;\n+--------+--------+\n| gender | count  |\n+--------+--------+\n| M      | 179973 |\n| F      | 120051 |\n+--------+--------+\n2 rows in set (0.14 sec)\n```", "```\nmysql> SELECT first_name, COUNT(first_name) AS count FROM employees GROUP BY first_name ORDER BY count DESC LIMIT 10;\n+-------------+-------+\n| first_name  | count |\n+-------------+-------+\n| Shahab      |   295 |\n| Tetsushi    |   291 |\n| Elgin       |   279 |\n| Anyuan      |   278 |\n| Huican      |   276 |\n| Make        |   275 |\n| Panayotis   |   272 |\n| Sreekrishna |   272 |\n| Hatem       |   271 |\n| Giri        |   270 |\n+-------------+-------+\n10 rows in set (0.21 sec)\n```", "```\nmysql> SELECT '2017-06-12', YEAR('2017-06-12');\n+------------+--------------------+\n| 2017-06-12 | YEAR('2017-06-12') |\n+------------+--------------------+\n| 2017-06-12 |               2017 |\n+------------+--------------------+\n1 row in set (0.00 sec)\nmysql>  SELECT YEAR(from_date), SUM(salary) AS sum FROM salaries GROUP BY YEAR(from_date) ORDER BY sum DESC;\n+-----------------+-------------+\n| YEAR(from_date) | sum         |\n+-----------------+-------------+\n|            2000 | 17535667603 |\n|            2001 | 17507737308 |\n|            1999 | 17360258862 |\n|            1998 | 16220495471 |\n|            1997 | 15056011781 |\n|            1996 | 13888587737 |\n|            1995 | 12638817464 |\n|            1994 | 11429450113 |\n|            2002 | 10243347616 |\n|            1993 | 10215059054 |\n|            1992 |  9027872610 |\n|            1991 |  7798804412 |\n|            1990 |  6626146391 |\n|            1989 |  5454260439 |\n|            1988 |  4295598688 |\n|            1987 |  3156881054 |\n|            1986 |  2052895941 |\n|            1985 |   972864875 |\n+-----------------+-------------+\n18 rows in set (1.47 sec)\n```", "```\nmysql>  SELECT emp_no, AVG(salary) AS avg FROM salaries GROUP BY emp_no ORDER BY avg DESC LIMIT 10;\n+--------+-------------+\n| emp_no | avg         |\n+--------+-------------+\n| 109334 | 141835.3333 |\n| 205000 | 141064.6364 |\n|  43624 | 138492.9444 |\n| 493158 | 138312.8750 |\n|  37558 | 138215.8571 |\n| 276633 | 136711.7333 |\n| 238117 | 136026.2000 |\n|  46439 | 135747.7333 |\n| 254466 | 135541.0625 |\n| 253939 | 135042.2500 |\n+--------+-------------+\n10 rows in set (0.91 sec\n```", "```\nmysql> SELECT DISTINCT title FROM titles;\n+--------------------+\n| title              |\n+--------------------+\n| Senior Engineer    |\n| Staff              |\n| Engineer           |\n| Senior Staff       |\n| Assistant Engineer |\n| Technique Leader   |\n| Manager            |\n+--------------------+\n7 rows in set (0.30 sec)\n```", "```\nmysql>  SELECT emp_no, AVG(salary) AS avg FROM salaries GROUP BY emp_no HAVING avg > 140000 ORDER BY avg DESC;\n+--------+-------------+\n| emp_no | avg         |\n+--------+-------------+\n| 109334 | 141835.3333 |\n| 205000 | 141064.6364 |\n+--------+-------------+\n2 rows in set (0.80 sec)\n```", "```\nmysql> CREATE USER IF NOT EXISTS 'company_read_only'@'localhost' \nIDENTIFIED WITH mysql_native_password \nBY 'company_pass' \nWITH MAX_QUERIES_PER_HOUR 500 \nMAX_UPDATES_PER_HOUR 100;\n```", "```\nERROR 1819 (HY000): Your password does not satisfy the current policy requirements\n```", "```\nmysql> SELECT PASSWORD('company_pass');\n+-------------------------------------------+\n|PASSWORD('company_pass')                   |\n+-------------------------------------------+\n| *EBD9E3BFD1489CA1EB0D2B4F29F6665F321E8C18 |\n+-------------------------------------------+\n1 row in set, 1 warning (0.00 sec)\nmysql> CREATE USER IF NOT EXISTS 'company_read_only'@'localhost' \nIDENTIFIED WITH mysql_native_password \nAS '*EBD9E3BFD1489CA1EB0D2B4F29F6665F321E8C18' \nWITH MAX_QUERIES_PER_HOUR 500 \nMAX_UPDATES_PER_HOUR 100;\n```", "```\nmysql> GRANT SELECT ON company.* TO 'company_read_only'@'localhost';\nQuery OK, 0 rows affected (0.06 sec)\n```", "```\nmysql> GRANT INSERT ON company.* TO 'company_insert_only'@'localhost' IDENTIFIED BY 'xxxx';\nQuery OK, 0 rows affected, 1 warning (0.05 sec)\n```", "```\nmysql> SHOW WARNINGS\\G\n*************************** 1\\. row ***************************\n  Level: Warning\n   Code: 1287\nMessage: Using GRANT for creating new user is deprecated and will be removed in future release. Create new user with CREATE USER statement.\n1 row in set (0.00 sec)\n```", "```\nmysql> GRANT INSERT, DELETE, UPDATE ON company.* TO 'company_write'@'%' IDENTIFIED WITH mysql_native_password AS '*EBD9E3BFD1489CA1EB0D2B4F29F6665F321E8C18';\nQuery OK, 0 rows affected, 1 warning (0.04 sec)\n```", "```\nmysql> GRANT SELECT ON employees.employees TO 'employees_read_only'@'%' IDENTIFIED WITH mysql_native_password AS '*EBD9E3BFD1489CA1EB0D2B4F29F6665F321E8C18';\nQuery OK, 0 rows affected, 1 warning (0.03 sec)\n```", "```\nmysql> GRANT SELECT(first_name,last_name)  ON employees.employees TO 'employees_ro'@'%' IDENTIFIED WITH mysql_native_password AS '*EBD9E3BFD1489CA1EB0D2B4F29F6665F321E8C18';\nQuery OK, 0 rows affected, 1 warning (0.06 sec)\n```", "```\nmysql> GRANT SELECT(salary) ON employees.salaries TO 'employees_ro'@'%';\nQuery OK, 0 rows affected (0.00 sec)\n```", "```\nmysql> CREATE USER 'dbadmin'@'%' IDENTIFIED WITH mysql_native_password BY 'DB@dm1n';\nQuery OK, 0 rows affected (0.01 sec)\n```", "```\nmysql> GRANT ALL ON *.* TO 'dbadmin'@'%';\nQuery OK, 0 rows affected (0.01 sec)\n```", "```\nmysql> GRANT GRANT OPTION ON *.* TO 'dbadmin'@'%';\nQuery OK, 0 rows affected (0.03 sec)\n```", "```\nmysql> SHOW GRANTS FOR 'employees_ro'@'%'\\G\n*************************** 1\\. row ***************************\nGrants for employees_ro@%: GRANT USAGE ON *.* TO `employees_ro`@`%`\n*************************** 2\\. row ***************************\nGrants for employees_ro@%: GRANT SELECT (`first_name`, `last_name`) ON `employees`.`employees` TO `employees_ro`@`%`\n*************************** 3\\. row ***************************\nGrants for employees_ro@%: GRANT SELECT (`salary`) ON `employees`.`salaries` TO `employees_ro`@`%`\n```", "```\nmysql> SHOW GRANTS FOR 'dbadmin'@'%'\\G\n*************************** 1\\. row ***************************\nGrants for dbadmin@%: GRANT SELECT, INSERT, UPDATE, DELETE, CREATE, DROP, RELOAD, SHUTDOWN, PROCESS, FILE, REFERENCES, INDEX, ALTER, SHOW DATABASES, SUPER, CREATE TEMPORARY TABLES, LOCK TABLES, EXECUTE, REPLICATION SLAVE, REPLICATION CLIENT, CREATE VIEW, SHOW VIEW, CREATE ROUTINE, ALTER ROUTINE, CREATE USER, EVENT, TRIGGER, CREATE TABLESPACE, CREATE ROLE, DROP ROLE ON *.* TO `dbadmin`@`%` WITH GRANT OPTION\n*************************** 2\\. row ***************************\nGrants for dbadmin@%: GRANT BINLOG_ADMIN,CONNECTION_ADMIN,ENCRYPTION_KEY_ADMIN,GROUP_REPLICATION_ADMIN,REPLICATION_SLAVE_ADMIN,ROLE_ADMIN,SET_USER_ID,SYSTEM_VARIABLES_ADMIN ON *.* TO `dbadmin`@`%`\n2 rows in set (0.00 sec)\n```", "```\nmysql> REVOKE DELETE ON company.* FROM 'company_write'@'%';\nQuery OK, 0 rows affected (0.04 sec)\n```", "```\nmysql> REVOKE SELECT(salary) ON employees.salaries FROM 'employees_ro'@'%';\nQuery OK, 0 rows affected (0.03 sec)\n```", "```\nmysql> SELECT * FROM mysql.user WHERE user='dbadmin'\\G\n*************************** 1\\. row ***************************\n                  Host: %\n                  User: dbadmin\n           Select_priv: Y\n           Insert_priv: Y\n           Update_priv: Y\n           Delete_priv: Y\n           Create_priv: Y\n             Drop_priv: Y\n           Reload_priv: Y\n         Shutdown_priv: Y\n          Process_priv: Y\n             File_priv: Y\n            Grant_priv: Y\n       References_priv: Y\n            Index_priv: Y\n            Alter_priv: Y\n          Show_db_priv: Y\n            Super_priv: Y\n Create_tmp_table_priv: Y\n      Lock_tables_priv: Y\n          Execute_priv: Y\n       Repl_slave_priv: Y\n      Repl_client_priv: Y\n      Create_view_priv: Y\n        Show_view_priv: Y\n   Create_routine_priv: Y\n    Alter_routine_priv: Y\n      Create_user_priv: Y\n            Event_priv: Y\n          Trigger_priv: Y\nCreate_tablespace_priv: Y\n              ssl_type: \n            ssl_cipher: \n           x509_issuer: \n          x509_subject: \n         max_questions: 0\n           max_updates: 0\n       max_connections: 0\n  max_user_connections: 0\n                plugin: mysql_native_password\n authentication_string: *AB7018ADD9CB4EDBEB680BB3F820479E4CE815D2\n      password_expired: N\n password_last_changed: 2017-06-10 16:24:03\n     password_lifetime: NULL\n        account_locked: N\n      Create_role_priv: Y\n        Drop_role_priv: Y\n1 row in set (0.00 sec)\n```", "```\nmysql> UPDATE mysql.user SET host='localhost' WHERE user='dbadmin';\nQuery OK, 1 row affected (0.02 sec)\nRows matched: 1  Changed: 1  Warnings: 0\nmysql> FLUSH PRIVILEGES;\nQuery OK, 0 rows affected (0.00 sec)\n```", "```\nmysql> CREATE USER 'developer'@'%' IDENTIFIED WITH mysql_native_password AS '*EBD9E3BFD1489CA1EB0D2B4F29F6665F321E8C18' PASSWORD EXPIRE;\nQuery OK, 0 rows affected (0.04 sec\n```", "```\nshell> mysql -u developer -pcompany_pass\nmysql: [Warning] Using a password on the command line interface can be insecure.\nWelcome to the MySQL monitor.  Commands end with ; or \\g.\nYour MySQL connection id is 31\nServer version: 8.0.3-rc-log\n\nCopyright (c) 2000, 2017, Oracle and/or its affiliates. All rights reserved.\n\nOracle is a registered trademark of Oracle Corporation and/or its\naffiliates. Other names may be trademarks of their respective\nowners.\n\nType 'help;' or '\\h' for help. Type '\\c' to clear the current input statement.\n\nmysql> SHOW DATABASES;\nERROR 1820 (HY000): You must reset your password using ALTER USER statement before executing this statement.\n```", "```\nmysql> ALTER USER 'developer'@'%' IDENTIFIED WITH mysql_native_password BY 'new_company_pass';\nQuery OK, 0 rows affected (0.03 sec)\n```", "```\nmysql> ALTER USER 'developer'@'%' PASSWORD EXPIRE;\nQuery OK, 0 rows affected (0.06 sec)\n```", "```\nmysql> ALTER USER 'developer'@'%' PASSWORD EXPIRE INTERVAL 90 DAY;\nQuery OK, 0 rows affected (0.04 sec)\n```", "```\nmysql> ALTER USER 'developer'@'%' ACCOUNT LOCK;\nQuery OK, 0 rows affected (0.05 sec)\n```", "```\nshell> mysql -u developer -pnew_company_pass\nmysql: [Warning] Using a password on the command line interface can be insecure.\nERROR 3118 (HY000): Access denied for user 'developer'@'localhost'. Account is locked.\n```", "```\nmysql> ALTER USER 'developer'@'%' ACCOUNT UNLOCK;\nQuery OK, 0 rows affected (0.00 sec)\n```", "```\nmysql> CREATE ROLE 'app_read_only', 'app_writes', 'app_developer';\nQuery OK, 0 rows affected (0.01 sec)\n```", "```\nmysql> GRANT SELECT ON employees.* TO 'app_read_only';\nQuery OK, 0 rows affected (0.00 sec)\n```", "```\nmysql> GRANT INSERT, UPDATE, DELETE ON employees.* TO 'app_writes';\nQuery OK, 0 rows affected (0.00 sec)\n```", "```\nmysql> GRANT ALL ON employees.* TO 'app_developer';\nQuery OK, 0 rows affected (0.04 sec)\n```", "```\nmysql> CREATE user emp_read_only IDENTIFIED BY 'emp_pass';\nQuery OK, 0 rows affected (0.06 sec)\n```", "```\nmysql> CREATE user emp_writes IDENTIFIED BY 'emp_pass';\nQuery OK, 0 rows affected (0.04 sec)\n```", "```\nmysql> CREATE user emp_developer IDENTIFIED BY 'emp_pass';\nQuery OK, 0 rows affected (0.01 sec)\n```", "```\nmysql> CREATE user emp_read_write IDENTIFIED BY 'emp_pass';\nQuery OK, 0 rows affected (0.00 sec)\n```", "```\nmysql> GRANT 'app_read_only' TO 'emp_read_only'@'%';\nQuery OK, 0 rows affected (0.04 sec)\n```", "```\nmysql> GRANT 'app_writes' TO 'emp_writes'@'%';\nQuery OK, 0 rows affected (0.00 sec)\n```", "```\nmysql> GRANT 'app_developer' TO 'emp_developer'@'%';\nQuery OK, 0 rows affected (0.00 sec)\n```", "```\nmysql> GRANT 'app_read_only', 'app_writes' TO 'emp_read_write'@'%';\nQuery OK, 0 rows affected (0.05 sec)\n```", "```\nmysql> GRANT SELECT ON employees.* TO 'user_ro_file'@'%' IDENTIFIED  WITH mysql_native_password AS '*EBD9E3BFD1489CA1EB0D2B4F29F6665F321E8C18';\nQuery OK, 0 rows affected, 1 warning (0.00 sec)\n\nmysql> GRANT FILE ON *.* TO 'user_ro_file'@'%' IDENTIFIED  WITH mysql_native_password AS '*EBD9E3BFD1489CA1EB0D2B4F29F6665F321E8C18';\nQuery OK, 0 rows affected, 1 warning (0.00 sec)\n```", "```\nshell> sudo vi /etc/mysql/mysql.conf.d/mysqld.cnf\n```", "```\nshell> sudo systemctl restart mysql\n```", "```\nmysql> SELECT first_name, last_name INTO OUTFILE 'result.csv'\n       FIELDS TERMINATED BY ',' OPTIONALLY ENCLOSED BY '\"'\n       LINES TERMINATED BY '\\n'\n       FROM employees WHERE hire_date<'1986-01-01' LIMIT 10;\nQuery OK, 10 rows affected (0.00 sec)\n```", "```\nshell> sudo cat /var/lib/mysql/employees/result.csv\n\"Bezalel\",\"Simmel\"\n\"Sumant\",\"Peac\"\n\"Eberhardt\",\"Terkki\"\n\"Otmar\",\"Herbst\"\n\"Florian\",\"Syrotiuk\"\n\"Tse\",\"Herber\"\n\"Udi\",\"Jansch\"\n\"Reuven\",\"Garigliano\"\n\"Erez\",\"Ritzmann\"\n\"Premal\",\"Baek\"\n```", "```\nmysql> CREATE TABLE titles_only AS SELECT DISTINCT title FROM titles;\nQuery OK, 7 rows affected (0.50 sec)\nRecords: 7  Duplicates: 0  Warnings: 0\n```", "```\nmysql> INSERT INTO titles_only SELECT DISTINCT title FROM titles;\nQuery OK, 7 rows affected (0.46 sec)\nRecords: 7  Duplicates: 0  Warnings: 0\n```", "```\nmysql> CREATE TABLE employee_names (\n       `first_name` varchar(14) NOT NULL,\n       `last_name` varchar(16) NOT NULL\n       ) ENGINE=InnoDB;\nQuery OK, 0 rows affected (0.07 sec)\n```", "```\nshell> sudo ls -lhtr /var/lib/mysql/employees/result.csv\n-rw-rw-rw- 1 mysql mysql 180 Jun 10 14:53 /var/lib/mysql/employees/result.csv\n```", "```\nmysql> LOAD DATA INFILE 'result.csv' INTO TABLE employee_names \n       FIELDS TERMINATED BY ',' \n       OPTIONALLY ENCLOSED BY '\"' \n       LINES TERMINATED BY '\\n';\nQuery OK, 10 rows affected (0.01 sec)\nRecords: 10  Deleted: 0  Skipped: 0  Warnings: 0\n```", "```\nmysql> LOAD DATA INFILE 'result.csv' INTO TABLE employee_names \n       FIELDS TERMINATED BY ','\n       OPTIONALLY ENCLOSED BY '\"'\n       LINES TERMINATED BY '\\n'\n       IGNORE 1 LINES;\n```", "```\nmysql> LOAD DATA INFILE 'result.csv' REPLACE INTO TABLE employee_names FIELDS TERMINATED BY ','OPTIONALLY ENCLOSED BY '\"' LINES TERMINATED BY '\\n';\nQuery OK, 10 rows affected (0.01 sec)\nRecords: 10  Deleted: 0  Skipped: 0  Warnings: 0\n\nmysql> LOAD DATA INFILE 'result.csv' IGNORE INTO TABLE employee_names FIELDS TERMINATED BY ','OPTIONALLY ENCLOSED BY '\"' LINES TERMINATED BY '\\n';\nQuery OK, 10 rows affected (0.06 sec)\nRecords: 10  Deleted: 0  Skipped: 0  Warnings: 0\n```", "```\nmysql> LOAD DATA LOCAL INFILE 'result.csv' IGNORE INTO TABLE employee_names FIELDS TERMINATED BY ','OPTIONALLY ENCLOSED BY '\"' LINES TERMINATED BY '\\n';\n```", "```\nmysql> SELECT emp.emp_no, emp.first_name, emp.last_name \nFROM employees AS emp  \nWHERE  emp.emp_no=110022;\n+--------+------------+------------+\n| emp_no | first_name | last_name  |\n+--------+------------+------------+\n| 110022 | Margareta  | Markovitch |\n+--------+------------+------------+\n1 row in set (0.00 sec)\n```", "```\nmysql> SELECT dept_no FROM dept_manager AS dept_mgr WHERE dept_mgr.emp_no=110022;\n+---------+\n| dept_no |\n+---------+\n| d001    |\n+---------+\n1 row in set (0.00 sec)\n```", "```\nmysql> SELECT dept_name FROM departments dept WHERE dept.dept_no='d001';\n+-----------+\n| dept_name |\n+-----------+\n| Marketing |\n+-----------+\n1 row in set (0.00 sec)\n```", "```\nmysql> SELECT \n    emp.emp_no, \n    emp.first_name, \n    emp.last_name, \n    dept.dept_name \nFROM \n    employees AS emp \nJOIN dept_manager AS dept_mgr \n    ON emp.emp_no=dept_mgr.emp_no AND emp.emp_no=110022 \nJOIN departments AS dept \n    ON dept_mgr.dept_no=dept.dept_no;\n+--------+------------+------------+-----------+\n| emp_no | first_name | last_name  | dept_name |\n+--------+------------+------------+-----------+\n| 110022 | Margareta  | Markovitch | Marketing |\n+--------+------------+------------+-----------+\n1 row in set (0.00 sec)\n```", "```\nmysql> SELECT \n    dept_name, \n    AVG(salary) AS avg_salary \nFROM \n    salaries \nJOIN dept_emp \n    ON salaries.emp_no=dept_emp.emp_no \nJOIN departments \n    ON dept_emp.dept_no=departments.dept_no \nGROUP BY \n    dept_emp.dept_no \nORDER BY \n    avg_salary \nDESC;\n+--------------------+------------+\n| dept_name          | avg_salary |\n+--------------------+------------+\n| Sales              | 80667.6058 |\n| Marketing          | 71913.2000 |\n| Finance            | 70489.3649 |\n| Research           | 59665.1817 |\n| Production         | 59605.4825 |\n| Development        | 59478.9012 |\n| Customer Service   | 58770.3665 |\n| Quality Management | 57251.2719 |\n| Human Resources    | 55574.8794 |\n+--------------------+------------+\n9 rows in set (8.29 sec)\n```", "```\nmysql> ALTER TABLE employees ADD INDEX name(first_name, last_name);\nQuery OK, 0 rows affected (1.95 sec)\nRecords: 0  Duplicates: 0  Warnings: 0\nmysql> SELECT \n     emp1.* \n FROM \n     employees emp1 \n JOIN employees emp2 \n     ON emp1.first_name=emp2.first_name \n     AND emp1.last_name=emp2.last_name \n     AND emp1.gender=emp2.gender \n     AND emp1.hire_date=emp2.hire_date \n     AND emp1.emp_no!=emp2.emp_no \n ORDER BY \n     first_name, last_name;\n+--------+------------+------------+-----------+--------+------------+\n| emp_no | birth_date | first_name | last_name | gender | hire_date  |\n+--------+------------+------------+-----------+--------+------------+\n| 232772 | 1962-05-14 | Keung      | Heusch    | M      | 1986-06-01 |\n| 493600 | 1964-01-26 | Keung      | Heusch    | M      | 1986-06-01 |\n|  64089 | 1958-01-19 | Marit      | Kolvik    | F      | 1993-12-08 |\n| 424486 | 1952-07-06 | Marit      | Kolvik    | F      | 1993-12-08 |\n|  40965 | 1952-05-11 | Marsha     | Farrow    | M      | 1989-02-18 |\n|  14641 | 1953-05-08 | Marsha     | Farrow    | M      | 1989-02-18 |\n| 422332 | 1954-08-17 | Naftali    | Mawatari  | M      | 1985-09-14 |\n| 427429 | 1962-11-06 | Naftali    | Mawatari  | M      | 1985-09-14 |\n|  19454 | 1955-05-14 | Taisook    | Hutter    | F      | 1985-02-26 |\n| 243627 | 1957-02-14 | Taisook    | Hutter    | F      | 1985-02-26 |\n+--------+------------+------------+-----------+--------+------------+\n10 rows in set (34.01 sec)\n```", "```\nmysql> SELECT emp_no FROM titles WHERE title=\"Senior Engineer\" AND from_date=\"1986-06-26\";\n+--------+\n| emp_no |\n+--------+\n|  10001 |\n|  84305 |\n| 228917 |\n| 426700 |\n| 458304 |\n+--------+\n5 rows in set (0.14 sec)\n```", "```\nmysql> SELECT first_name, last_name FROM employees WHERE emp_no IN (< output from preceding query>)\n\nmysql> SELECT first_name, last_name FROM employees WHERE emp_no IN (10001,84305,228917,426700,458304);\n+------------+-----------+\n| first_name | last_name |\n+------------+-----------+\n| Georgi     | Facello   |\n| Minghong   | Kalloufi  |\n| Nechama    | Bennet    |\n| Nagui      | Restivo   |\n| Shuzo      | Kirkerud  |\n+------------+-----------+\n5 rows in set (0.00 sec\n```", "```\nmysql> SELECT \n    first_name, \n    last_name \nFROM \n    employees \nWHERE \n    emp_no \nIN (SELECT emp_no FROM titles WHERE title=\"Senior Engineer\" AND from_date=\"1986-06-26\");\n+------------+-----------+\n| first_name | last_name |\n+------------+-----------+\n| Georgi     | Facello   |\n| Minghong   | Kalloufi  |\n| Nagui      | Restivo   |\n| Nechama    | Bennet    |\n| Shuzo      | Kirkerud  |\n+------------+-----------+\n5 rows in set (0.91 sec)\n```", "```\nmysql> SELECT emp_no FROM salaries WHERE salary=(SELECT MAX(salary) FROM salaries);\n+--------+\n| emp_no |\n+--------+\n|  43624 |\n+--------+\n1 row in set (1.54 sec)\n```", "```\nmysql> CREATE TABLE employees_list1 AS SELECT * FROM employees WHERE first_name LIKE 'aa%';\nQuery OK, 444 rows affected (0.22 sec)\nRecords: 444  Duplicates: 0  Warnings: 0\n\nmysql> CREATE TABLE employees_list2 AS SELECT * FROM employees WHERE emp_no BETWEEN 400000 AND 500000 AND gender='F';\nQuery OK, 39892 rows affected (0.59 sec)\nRecords: 39892  Duplicates: 0  Warnings: 0\n```", "```\nmysql> SELECT * FROM employees_list1 WHERE emp_no IN (SELECT emp_no FROM  employees_list2);\n```", "```\nmysql> SELECT l1.* FROM employees_list1 l1 JOIN employees_list2 l2 ON l1.emp_no=l2.emp_no;\n```", "```\nmysql> SELECT * FROM employees_list1 WHERE emp_no NOT IN (SELECT emp_no FROM  employees_list2);\n```", "```\nmysql> SELECT l1.* FROM employees_list1 l1 LEFT OUTER JOIN employees_list2 l2 ON l1.emp_no=l2.emp_no WHERE l2.emp_no IS NULL;\n```", "```\nmysql> SELECT l1.* FROM employees_list1 l1 LEFT OUTER JOIN employees_list2 l2 ON l1.emp_no=l2.emp_no WHERE l2.emp_no IS NOT NULL;\n```", "```\n/* DROP the existing procedure if any with the same name before creating */\nDROP PROCEDURE IF EXISTS create_employee;\n/* Change the delimiter to $$ */\nDELIMITER $$\n/* IN specifies the variables taken as arguments, INOUT specifies the output variable*/\nCREATE PROCEDURE create_employee (OUT new_emp_no INT, IN first_name varchar(20), IN last_name varchar(20), IN gender enum('M','F'), IN birth_date date, IN emp_dept_name varchar(40), IN title varchar(50))\nBEGIN   \n    /* Declare variables for emp_dept_no and salary */\n        DECLARE emp_dept_no char(4);\n        DECLARE salary int DEFAULT 60000;\n\n    /* Select the maximum employee number into the variable new_emp_no */\n    SELECT max(emp_no) INTO new_emp_no FROM employees;\n    /* Increment the new_emp_no */\n    SET new_emp_no = new_emp_no + 1;\n\n    /* INSERT the data into employees table */\n        /* The function CURDATE() gives the current date) */\n    INSERT INTO employees VALUES(new_emp_no, birth_date, first_name, last_name, gender, CURDATE());\n\n    /* Find out the dept_no for dept_name */\n    SELECT emp_dept_name;\n    SELECT dept_no INTO emp_dept_no FROM departments WHERE dept_name=emp_dept_name;\n    SELECT emp_dept_no;\n\n    /* Insert into dept_emp */\n    INSERT INTO dept_emp VALUES(new_emp_no, emp_dept_no, CURDATE(), '9999-01-01');\n\n    /* Insert into titles */\n    INSERT INTO titles VALUES(new_emp_no, title, CURDATE(), '9999-01-01');\n\n    /* Find salary based on title */\n    IF title = 'Staff' \n        THEN SET salary = 100000;\n    ELSEIF title = 'Senior Staff' \n        THEN SET salary = 120000;\n    END IF;\n\n    /* Insert into salaries */\n    INSERT INTO salaries VALUES(new_emp_no, salary, CURDATE(), '9999-01-01');\nEND\n$$\n/* Change the delimiter back to ; */\nDELIMITER ;\n```", "```\nmysql> GRANT EXECUTE ON employees.* TO 'emp_read_only'@'%';\nQuery OK, 0 rows affected (0.05 sec)\n```", "```\nshell> mysql -u emp_read_only -pemp_pass employees -A\n```", "```\nmysql> CALL create_employee(@new_emp_no, 'John', 'Smith', 'M', '1984-06-19', 'Research', 'Staff');\nQuery OK, 1 row affected (0.01 sec)\n```", "```\nmysql> SELECT @new_emp_no;\n+-------------+\n| @new_emp_no |\n+-------------+\n|      500000 |\n+-------------+\n1 row in set (0.00 sec)\n```", "```\nmysql> SELECT * FROM employees WHERE emp_no=500000;\n+--------+------------+------------+-----------+--------+------------+\n| emp_no | birth_date | first_name | last_name | gender | hire_date  |\n+--------+------------+------------+-----------+--------+------------+\n| 500000 | 1984-06-19 | John       | Smith     | M      | 2017-06-17 |\n+--------+------------+------------+-----------+--------+------------+\n1 row in set (0.00 sec)\n\nmysql> SELECT * FROM salaries WHERE emp_no=500000;\n+--------+--------+------------+------------+\n| emp_no | salary | from_date  | to_date    |\n+--------+--------+------------+------------+\n| 500000 | 100000 | 2017-06-17 | 9999-01-01 |\n+--------+--------+------------+------------+\n1 row in set (0.00 sec)\n\nmysql> SELECT * FROM titles WHERE emp_no=500000;\n+--------+-------+------------+------------+\n| emp_no | title | from_date  | to_date    |\n+--------+-------+------------+------------+\n| 500000 | Staff | 2017-06-17 | 9999-01-01 |\n+--------+-------+------------+------------+\n1 row in set (0.00 sec)\n```", "```\nshell> vi function.sql;\nDROP FUNCTION IF EXISTS get_sal_level;\nDELIMITER $$\nCREATE FUNCTION get_sal_level(emp int) RETURNS VARCHAR(10)\n DETERMINISTIC\nBEGIN\n DECLARE sal_level varchar(10);\n DECLARE avg_sal FLOAT;\n\n SELECT AVG(salary) INTO avg_sal FROM salaries WHERE emp_no=emp;\n\n IF avg_sal < 50000 THEN\n SET sal_level = 'BRONZE';\n ELSEIF (avg_sal >= 50000 AND avg_sal < 70000) THEN\n SET sal_level = 'SILVER';\n ELSEIF (avg_sal >= 70000 AND avg_sal < 90000) THEN\n SET sal_level = 'GOLD';\n ELSEIF (avg_sal >= 90000) THEN\n SET sal_level = 'PLATINUM';\n ELSE\n SET sal_level = 'NOT FOUND';\n END IF;\n RETURN (sal_level);\nEND\n$$\nDELIMITER ;\n```", "```\nmysql> SOURCE function.sql;\nQuery OK, 0 rows affected (0.00 sec)\nQuery OK, 0 rows affected (0.01 sec)\nYou have to pass the employee number and the function returns the income level.\nmysql> SELECT get_sal_level(10002);\n+----------------------+\n| get_sal_level(10002) |\n+----------------------+\n| SILVER               |\n+----------------------+\n1 row in set (0.00 sec)\n\nmysql> SELECT get_sal_level(10001);\n+----------------------+\n| get_sal_level(10001) |\n+----------------------+\n| GOLD                 |\n+----------------------+\n1 row in set (0.00 sec)\n\nmysql> SELECT get_sal_level(1);\n+------------------+\n| get_sal_level(1) |\n+------------------+\n| NOT FOUND        |\n+------------------+\n1 row in set (0.00 sec)\n```", "```\nmysql> SELECT * FROM employees WHERE hire_date = CURDATE();\n```", "```\nmysql> SELECT DATE_ADD(CURDATE(), INTERVAL -7 DAY) AS '7 Days Ago';\n```", "```\nmysql> SELECT CONCAT(first_name, ' ', last_name) FROM employees LIMIT 1;\n+------------------------------------+\n| CONCAT(first_name, ' ', last_name) |\n+------------------------------------+\n| Aamer Anger                        |\n+------------------------------------+\n1 row in set (0.00 sec)\n```", "```\nshell> vi before_insert_trigger.sql\nDROP TRIGGER IF EXISTS salary_round;\nDELIMITER $$\nCREATE TRIGGER salary_round BEFORE INSERT ON salaries\nFOR EACH ROW\nBEGIN   \n        SET NEW.salary=ROUND(NEW.salary);\nEND\n$$\nDELIMITER ;\n```", "```\nmysql> SOURCE before_insert_trigger.sql;\nQuery OK, 0 rows affected (0.06 sec)\nQuery OK, 0 rows affected (0.00 sec)\n```", "```\nmysql> INSERT INTO salaries VALUES(10002, 100000.79, CURDATE(), '9999-01-01');\nQuery OK, 1 row affected (0.04 sec)\n```", "```\nmysql> SELECT * FROM salaries WHERE emp_no=10002 AND from_date=CURDATE();\n+--------+--------+------------+------------+\n| emp_no | salary | from_date  | to_date    |\n+--------+--------+------------+------------+\n|  10002 | 100001 | 2017-06-18 | 9999-01-01 |\n+--------+--------+------------+------------+\n1 row in set (0.00 sec)\n```", "```\nmysql> CREATE TABLE salary_audit (emp_no int, user varchar(50), date_modified date);\n```", "```\nshell> vi before_insert_trigger.sql\nDELIMITER $$\nCREATE TRIGGER salary_audit\nBEFORE INSERT\n   ON salaries FOR EACH ROW PRECEDES salary_round\nBEGIN\n   INSERT INTO salary_audit VALUES(NEW.emp_no, USER(), CURDATE());\nEND; $$\nDELIMITER ;\n```", "```\nmysql> INSERT INTO salaries VALUES(10003, 100000.79, CURDATE(), '9999-01-01');\nQuery OK, 1 row affected (0.06 sec)\n```", "```\nmysql> SELECT * FROM salary_audit WHERE emp_no=10003;\n+--------+----------------+---------------+\n| emp_no | user           | date_modified |\n+--------+----------------+---------------+\n|  10003 | root@localhost | 2017-06-18    |\n+--------+----------------+---------------+\n1 row in set (0.00 sec)\n```", "```\nmysql> CREATE ALGORITHM=UNDEFINED \nDEFINER=`root`@`localhost` \nSQL SECURITY DEFINER VIEW salary_view \nAS \nSELECT emp_no, salary FROM salaries WHERE from_date > '2002-01-01';\n```", "```\nmysql> SELECT emp_no, AVG(salary) as avg FROM salary_view GROUP BY emp_no ORDER BY avg DESC LIMIT 5;\n```", "```\nmysql> SHOW FULL TABLES WHERE TABLE_TYPE LIKE 'VIEW';\n```", "```\nmysql> SHOW CREATE VIEW salary_view\\G\n```", "```\nmysql> UPDATE salary_view SET salary=100000 WHERE emp_no=10001;\nQuery OK, 1 row affected (0.01 sec)\nRows matched: 2 Changed: 1 Warnings: 0\nmysql> INSERT INTO salary_view VALUES(10001,100001);\nERROR 1423 (HY000): Field of view 'employees.salary_view' underlying table doesn't have a default value\n```", "```\nmysql> SET GLOBAL event_scheduler = ON;\n```", "```\nmysql> DROP EVENT IF EXISTS purge_salary_audit;\nDELIMITER $$\nCREATE EVENT IF NOT EXISTS purge_salary_audit\nON SCHEDULE\n  EVERY 1 WEEK\n  STARTS CURRENT_DATE \n    DO BEGIN\n        DELETE FROM salary_audit WHERE date_modified < DATE_ADD(CURDATE(), INTERVAL -7 day);\n    END $$\nDELIMITER ;\n```", "```\nmysql> SHOW EVENTS\\G\n*************************** 1\\. row ***************************\n                  Db: employees\n                Name: purge_salary_audit\n             Definer: root@localhost\n           Time zone: SYSTEM\n                Type: RECURRING\n          Execute at: NULL\n      Interval value: 1\n      Interval field: MINUTE\n              Starts: 2017-06-18 00:00:00\n                Ends: NULL\n              Status: ENABLED\n          Originator: 0\ncharacter_set_client: utf8\ncollation_connection: utf8_general_ci\n  Database Collation: utf8mb4_0900_ai_ci\n1 row in set (0.00 sec)\n```", "```\nmysql> SHOW CREATE EVENT purge_salary_audit\\G\n```", "```\nmysql> ALTER EVENT purge_salary_audit DISABLE;\nmysql> ALTER EVENT purge_salary_audit ENABLE;\n```", "```\nmysql> USE INFORMATION_SCHEMA;\nmysql> SHOW TABLES;\n```", "```\nmysql> DESC INFORMATION_SCHEMA.TABLES;\n+-----------------+--------------------------------------------------------------------+------+-----+-------------------+-----------------------------+\n| Field           | Type                                                               | Null | Key | Default           | Extra                       |\n+-----------------+--------------------------------------------------------------------+------+-----+-------------------+-----------------------------+\n| TABLE_CATALOG   | varchar(64)                                                        | NO   |     | NULL              |                             |\n| TABLE_SCHEMA    | varchar(64)                                                        | NO   |     | NULL              |                             |\n| TABLE_NAME      | varchar(64)                                                        | NO   |     | NULL              |                             |\n| TABLE_TYPE      | enum('BASE TABLE','VIEW','SYSTEM VIEW')                            | NO   |     | NULL              |                             |\n| ENGINE          | varchar(64)                                                        | YES  |     | NULL              |                             |\n| VERSION         | int(2)                                                             | YES  |     | NULL              |                             |\n| ROW_FORMAT      | enum('Fixed','Dynamic','Compressed','Redundant','Compact','Paged') | YES  |     | NULL              |                             |\n| TABLE_ROWS      | bigint(20) unsigned                                                | YES  |     | NULL              |                             |\n| AVG_ROW_LENGTH  | bigint(20) unsigned                                                | YES  |     | NULL              |                             |\n| DATA_LENGTH     | bigint(20) unsigned                                                | YES  |     | NULL              |                             |\n| MAX_DATA_LENGTH | bigint(20) unsigned                                                | YES  |     | NULL              |                             |\n| INDEX_LENGTH    | bigint(20) unsigned                                                | YES  |     | NULL              |                             |\n| DATA_FREE       | bigint(20) unsigned                                                | YES  |     | NULL              |                             |\n| AUTO_INCREMENT  | bigint(20) unsigned                                                | YES  |     | NULL              |                             |\n| CREATE_TIME     | timestamp                                                          | NO   |     | CURRENT_TIMESTAMP | on update CURRENT_TIMESTAMP |\n| UPDATE_TIME     | timestamp                                                          | YES  |     | NULL              |                             |\n| CHECK_TIME      | timestamp                                                          | YES  |     | NULL              |                             |\n| TABLE_COLLATION | varchar(64)                                                        | YES  |     | NULL              |                             |\n| CHECKSUM        | bigint(20) unsigned                                                | YES  |     | NULL              |                             |\n| CREATE_OPTIONS  | varchar(256)                                                       | YES  |     | NULL              |                             |\n| TABLE_COMMENT   | varchar(256)                                                       | YES  |     | NULL              |                             |\n+-----------------+--------------------------------------------------------------------+------+-----+-------------------+-----------------------------+\n21 rows in set (0.00 sec)\n```", "```\nmysql> SELECT SUM(DATA_LENGTH)/1024/1024 AS DATA_SIZE_MB, SUM(INDEX_LENGTH)/1024/1024 AS INDEX_SIZE_MB, SUM(DATA_FREE)/1024/1024 AS DATA_FREE_MB FROM INFORMATION_SCHEMA.TABLES WHERE TABLE_SCHEMA='employees';\n+--------------+---------------+--------------+\n| DATA_SIZE_MB | INDEX_SIZE_MB | DATA_FREE_MB |\n+--------------+---------------+--------------+\n|  17.39062500 |   14.62500000 |  11.00000000 |\n+--------------+---------------+--------------+\n1 row in set (0.01 sec)\n```", "```\nmysql> SELECT * FROM COLUMNS WHERE TABLE_NAME='employees'\\G\n```", "```\nmysql> SELECT * FROM FILES WHERE FILE_NAME LIKE './employees/employees.ibd'\\G\n~~~\nEXTENT_SIZE: 1048576\nAUTOEXTEND_SIZE: 4194304\nDATA_FREE: 13631488\n~~~\n```", "```\nmysql> SELECT * FROM INNODB_TABLESPACES WHERE NAME='employees/employees'\\G\n*************************** 1\\. row ***************************\n SPACE: 118\n NAME: employees/employees\n FLAG: 16417\n ROW_FORMAT: Dynamic\n PAGE_SIZE: 16384\n ZIP_PAGE_SIZE: 0\n SPACE_TYPE: Single\n FS_BLOCK_SIZE: 4096\n FILE_SIZE: 32505856\nALLOCATED_SIZE: 32509952\n1 row in set (0.00 sec)\n```", "```\nshell> sudo ls -ltr /var/lib/mysql/employees/employees.ibd\n-rw-r----- 1 mysql mysql 32505856 Jun 20 16:50 /var/lib/mysql/employees/employees.ibd\n```", "```\nmysql> SELECT * FROM INNODB_TABLESTATS WHERE NAME='employees/employees'\\G\n*************************** 1\\. row ***************************\n TABLE_ID: 128\n NAME: employees/employees\n STATS_INITIALIZED: Initialized\n NUM_ROWS: 299468\n CLUST_INDEX_SIZE: 1057\n OTHER_INDEX_SIZE: 545\n MODIFIED_COUNTER: 0\n AUTOINC: 0\n REF_COUNT: 1\n1 row in set (0.00 sec)\n```", "```\nmysql> SELECT * FROM PROCESSLIST\\G\n*************************** 1\\. row ***************************\n     ID: 85\n   USER: event_scheduler\n   HOST: localhost\n     DB: NULL\nCOMMAND: Daemon\n   TIME: 44\n  STATE: Waiting for next activation\n   INFO: NULL\n*************************** 2\\. row ***************************\n     ID: 26231\n   USER: root\n   HOST: localhost\n     DB: information_schema\nCOMMAND: Query\n   TIME: 0\n  STATE: executing\n   INFO: SELECT * FROM PROCESSLIST\n2 rows in set (0.00 sec\n```"]