["```go\nshell> sudo ls -lhtr /var/lib/mysql/ib_logfile*\n-rw-r-----. 1 mysql mysql 48M Oct  7 10:16 /var/lib/mysql/ib_logfile1\n-rw-r-----. 1 mysql mysql 48M Oct  7 10:18 /var/lib/mysql/ib_logfile0\n```", "```go\nshell> sudo systemctl stop mysqld\n```", "```go\nshell> sudo vi /etc/my.cnf\n[mysqld]\ninnodb_log_file_size=128M\ninnodb_log_files_in_group=4\n```", "```go\nshell> sudo systemctl start mysqld\n```", "```go\nshell> sudo less /var/log/mysqld.log\n2017-10-07T11:09:35.111926Z 1 [Warning] InnoDB: Resizing redo log from 2*3072 to 4*8192 pages, LSN=249633608\n2017-10-07T11:09:35.213717Z 1 [Warning] InnoDB: Starting to delete and rewrite log files.\n2017-10-07T11:09:35.224724Z 1 [Note] InnoDB: Setting log file ./ib_logfile101 size to 128 MB\n2017-10-07T11:09:35.225531Z 1 [Note] InnoDB: Progress in MB:\n 100\n2017-10-07T11:09:38.924955Z 1 [Note] InnoDB: Setting log file ./ib_logfile1 size to 128 MB\n2017-10-07T11:09:38.925173Z 1 [Note] InnoDB: Progress in MB:\n 100\n2017-10-07T11:09:42.516065Z 1 [Note] InnoDB: Setting log file ./ib_logfile2 size to 128 MB\n2017-10-07T11:09:42.516309Z 1 [Note] InnoDB: Progress in MB:\n 100\n2017-10-07T11:09:46.098023Z 1 [Note] InnoDB: Setting log file ./ib_logfile3 size to 128 MB\n2017-10-07T11:09:46.098246Z 1 [Note] InnoDB: Progress in MB:\n 100\n2017-10-07T11:09:49.715400Z 1 [Note] InnoDB: Renaming log file ./ib_logfile101 to ./ib_logfile0\n2017-10-07T11:09:49.715497Z 1 [Warning] InnoDB: New log files created, LSN=249633608\n```", "```go\nshell> sudo ls -lhtr /var/lib/mysql/ib_logfile*\n-rw-r-----. 1 mysql mysql 128M Oct  7 11:09 /var/lib/mysql/ib_logfile1\n-rw-r-----. 1 mysql mysql 128M Oct  7 11:09 /var/lib/mysql/ib_logfile2\n-rw-r-----. 1 mysql mysql 128M Oct  7 11:09 /var/lib/mysql/ib_logfile3\n-rw-r-----. 1 mysql mysql 128M Oct  7 11:09 /var/lib/mysql/ib_logfile0\n```", "```go\nshell> sudo vi /etc/my.cnf\n[mysqld]\ninnodb_data_file_path=ibdata1:50M;ibdata2:50M:autoextend\n```", "```go\nshell> sudo systemctl stop mysql\n```", "```go\nshell> sudo ls -lhtr /var/lib/mysql/ibdata1 \n-rw-r----- 1 mysql mysql 76M Oct  6 13:33 /var/lib/mysql/ibdata1\n```", "```go\nshell> sudo chown mysql:mysql /var/lib/mysql_extend\nshell> sudo chmod 750 /var/lib/mysql_extend\nshell> sudo ls -lhtr /var/lib/mysql_extend\n```", "```go\nshell> sudo vi /etc/my.cnf [mysqld]\ninnodb_data_home_dir=\ninnodb_data_file_path = ibdata1:76M;/var/lib/mysql_extend/ibdata2:50M:autoextend\n```", "```go\n2017-10-07T06:30:00.658039Z 1 [ERROR] InnoDB: Operating system error number 2 in a file operation.\n2017-10-07T06:30:00.658084Z 1 [ERROR] InnoDB: The error means the system cannot find the path specified.\n2017-10-07T06:30:00.658088Z 1 [ERROR] InnoDB: If you are installing InnoDB, remember that you must create directories yourself, InnoDB does not create them.\n2017-10-07T06:30:00.658092Z 1 [ERROR] InnoDB: File .//var/lib/mysql_extend/ibdata2: 'create' returned OS error 71\\. Cannot continue operation\n```", "```go\nshell> sudo systemctl start mysql\n```", "```go\nshell> sudo ls -lhtr /var/lib/mysql_extend/\ntotal 50M\n-rw-r-----. 1 mysql mysql 50M Oct  7 07:38 ibdata2\n```", "```go\nmysql> SHOW VARIABLES LIKE 'innodb_data_file_path';\n+-----------------------+----------------------------------------------------------+\n| Variable_name         | Value                                                    |\n+-----------------------+----------------------------------------------------------+\n| innodb_data_file_path | ibdata1:12M;/var/lib/mysql_extend/ibdata2:50M:autoextend |\n+-----------------------+----------------------------------------------------------+\n1 row in set (0.00 sec)\n```", "```go\nmysql> SELECT SUM(data_free)/1024/1024 FROM INFORMATION_SCHEMA.TABLES;\n+--------------------------+\n| sum(data_free)/1024/1024 |\n+--------------------------+\n|               6.00000000 |\n+--------------------------+\n1 row in set (0.00 sec)\n```", "```go\nmysql> STOP SLAVE;\nmysql> SHOW SLAVE STATUS\\G\n```", "```go\nshell> mydumper -u root --password=<password> --trx-consistency-only --kill-long-queries --long-query-guard 500 --regex '^(?!sys)' --outputdir /backups\n```", "```go\nshell> sudo systemctl stop mysql\n```", "```go\nshell> sudo rm -rf /var/lib/mysql/ib* /var/lib/mysql/<database directories>\nshell> sudo rm -rf /var/lib/mysql_extend/*\n```", "```go\nshell> sudo mysqld --initialize --datadir=/var/lib/mysql\nshell> chown -R  mysql:mysql  /var/lib/mysql/\nshell> chown -R  mysql:mysql  /var/lib/mysql_extend/\n```", "```go\nshell> sudo grep \"temporary password is generated\" /var/log/mysql/error.log | tail -1\n2017-10-07T09:33:31.966223Z 4 [Note] A temporary password is generated for root@localhost: lI-qerr5agpa\n```", "```go\nshell> sudo systemctl start mysqld\nshell> mysql -u root -plI-qerr5agpa\n\nmysql> ALTER USER 'root'@'localhost' IDENTIFIED BY 'xxxx';\nQuery OK, 0 rows affected (0.01 sec)\n```", "```go\nshell> /opt/mydumper/myloader --directory=/backups/ --queries-per-transaction=50000 --threads=6 --user=root --password=xxxx  --overwrite-tables\n```", "```go\nshell> sudo chown -R mysql:mysql /var/lib/mysql_fast_storage\nshell> sudo chmod 750 /var/lib/mysql_fast_storage\n```", "```go\nmysql> CREATE TABLE event_tracker (\nevent_id INT UNSIGNED AUTO_INCREMENT PRIMARY KEY,\nevent_name varchar(10),\nts timestamp NOT NULL,\nevent_type varchar(10)\n) \nTABLESPACE = innodb_file_per_table\nDATA DIRECTORY = '/var/lib/mysql_fast_storage';\n```", "```go\nshell> sudo ls -lhtr  /var/lib/mysql_fast_storage/employees/\ntotal 128K\n-rw-r-----. 1 mysql mysql 128K Oct  7 13:48 event_tracker.ibd\n```", "```go\nmysql> USE test;\nmysql> CREATE TABLE IF NOT EXISTS `event_history`(\n  `event_id` int(11) NOT NULL,\n  `event_name` varchar(10) DEFAULT NULL,\n  `created_at` datetime NOT NULL,\n  `last_updated` timestamp NULL DEFAULT CURRENT_TIMESTAMP ON UPDATE CURRENT_TIMESTAMP,\n  `event_type` varchar(10) NOT NULL,\n  `msg` tinytext NOT NULL,\n  PRIMARY KEY (`event_id`,`created_at`)\n) ENGINE=InnoDB DEFAULT CHARSET=utf8mb4\nPARTITION BY RANGE (to_days(`created_at`))\n(PARTITION 2017_oct_week1 VALUES LESS THAN (736974) ENGINE = InnoDB,\n PARTITION p20171008 VALUES LESS THAN (736975) ENGINE = InnoDB,\n PARTITION p20171009 VALUES LESS THAN (736976) ENGINE = InnoDB,\n PARTITION p20171010 VALUES LESS THAN (736977) ENGINE = InnoDB,\n PARTITION p20171011 VALUES LESS THAN (736978) ENGINE = InnoDB,\n PARTITION p20171012 VALUES LESS THAN (736979) ENGINE = InnoDB,\n PARTITION p20171013 VALUES LESS THAN (736980) ENGINE = InnoDB,\n PARTITION p20171014 VALUES LESS THAN (736981) ENGINE = InnoDB,\n PARTITION p20171015 VALUES LESS THAN (736982) ENGINE = InnoDB,\n PARTITION p20171016 VALUES LESS THAN (736983) ENGINE = InnoDB,\n PARTITION p20171017 VALUES LESS THAN (736984) ENGINE = InnoDB);\n```", "```go\nmysql> INSERT INTO event_history VALUES\n(1,'test','2017-10-07','2017-10-08','click','test_message'),\n(2,'test','2017-10-08','2017-10-08','click','test_message'),\n(3,'test','2017-10-09','2017-10-09','click','test_message'),\n(4,'test','2017-10-10','2017-10-10','click','test_message'),\n(5,'test','2017-10-11','2017-10-11','click','test_message'),\n(6,'test','2017-10-12','2017-10-12','click','test_message'),\n(7,'test','2017-10-13','2017-10-13','click','test_message'),\n(8,'test','2017-10-14','2017-10-14','click','test_message');\nQuery OK, 8 rows affected (0.01 sec)\nRecords: 8  Duplicates: 0  Warnings: 0\n```", "```go\nmysql> USE test;\nmysql> CREATE TABLE IF NOT EXISTS `event_history`(\n  `event_id` int(11) NOT NULL,\n  `event_name` varchar(10) DEFAULT NULL,\n  `created_at` datetime NOT NULL,\n  `last_updated` timestamp NULL DEFAULT CURRENT_TIMESTAMP ON UPDATE CURRENT_TIMESTAMP,\n  `event_type` varchar(10) NOT NULL,\n  `msg` tinytext NOT NULL,\n  PRIMARY KEY (`event_id`,`created_at`)\n) ENGINE=InnoDB DEFAULT CHARSET=utf8mb4\nPARTITION BY RANGE (to_days(`created_at`))\n(PARTITION 2017_oct_week1 VALUES LESS THAN (736974) ENGINE = InnoDB,\n PARTITION p20171008 VALUES LESS THAN (736975) ENGINE = InnoDB,\n PARTITION p20171009 VALUES LESS THAN (736976) ENGINE = InnoDB,\n PARTITION p20171010 VALUES LESS THAN (736977) ENGINE = InnoDB,\n PARTITION p20171011 VALUES LESS THAN (736978) ENGINE = InnoDB,\n PARTITION p20171012 VALUES LESS THAN (736979) ENGINE = InnoDB,\n PARTITION p20171013 VALUES LESS THAN (736980) ENGINE = InnoDB,\n PARTITION p20171014 VALUES LESS THAN (736981) ENGINE = InnoDB,\n PARTITION p20171015 VALUES LESS THAN (736982) ENGINE = InnoDB,\n PARTITION p20171016 VALUES LESS THAN (736983) ENGINE = InnoDB,\n PARTITION p20171017 VALUES LESS THAN (736984) ENGINE = InnoDB);\n```", "```go\nmysql> ALTER TABLE event_history DISCARD TABLESPACE;\nQuery OK, 0 rows affected (0.05 sec)\n```", "```go\nmysql> FLUSH TABLES event_history FOR EXPORT;\nQuery OK, 0 rows affected (0.00 sec)\n```", "```go\nshell> sudo scp -i /home/mysql/.ssh/id_rsa /var/lib/mysql/test/event_history#P#* mysql@xx.xxx.xxx.xxx:/var/lib/mysql/test/\n```", "```go\nmysql> UNLOCK TABLES;\nQuery OK, 0 rows affected (0.00 sec)\n```", "```go\nshell> sudo ls -lhtr /var/lib/mysql/test\ntotal 1.4M\n-rw-r----- 1 mysql mysql 128K Oct  7 17:17 event_history#P#p20171017.ibd\n-rw-r----- 1 mysql mysql 128K Oct  7 17:17 event_history#P#p20171016.ibd\n-rw-r----- 1 mysql mysql 128K Oct  7 17:17 event_history#P#p20171015.ibd\n-rw-r----- 1 mysql mysql 128K Oct  7 17:17 event_history#P#p20171014.ibd\n-rw-r----- 1 mysql mysql 128K Oct  7 17:17 event_history#P#p20171013.ibd\n-rw-r----- 1 mysql mysql 128K Oct  7 17:17 event_history#P#p20171012.ibd\n-rw-r----- 1 mysql mysql 128K Oct  7 17:17 event_history#P#p20171011.ibd\n-rw-r----- 1 mysql mysql 128K Oct  7 17:17 event_history#P#p20171010.ibd\n-rw-r----- 1 mysql mysql 128K Oct  7 17:17 event_history#P#p20171009.ibd\n-rw-r----- 1 mysql mysql 128K Oct  7 17:17 event_history#P#p20171008.ibd\n-rw-r----- 1 mysql mysql 128K Oct  7 17:17 event_history#P#2017_oct_week1.ibd\n```", "```go\nmysql> ALTER TABLE event_history IMPORT TABLESPACE;\nQuery OK, 0 rows affected, 12 warnings (0.31 sec)\n```", "```go\nmysql> SELECT * FROM event_history;\n+----------+------------+---------------------+---------------------+------------+--------------+\n| event_id | event_name | created_at          | last_updated        | event_type | msg          |\n+----------+------------+---------------------+---------------------+------------+--------------+\n|        1 | test       | 2017-10-07 00:00:00 | 2017-10-08 00:00:00 | click      | test_message |\n|        2 | test       | 2017-10-08 00:00:00 | 2017-10-08 00:00:00 | click      | test_message |\n|        3 | test       | 2017-10-09 00:00:00 | 2017-10-09 00:00:00 | click      | test_message |\n|        4 | test       | 2017-10-10 00:00:00 | 2017-10-10 00:00:00 | click      | test_message |\n|        5 | test       | 2017-10-11 00:00:00 | 2017-10-11 00:00:00 | click      | test_message |\n|        6 | test       | 2017-10-12 00:00:00 | 2017-10-12 00:00:00 | click      | test_message |\n|        7 | test       | 2017-10-13 00:00:00 | 2017-10-13 00:00:00 | click      | test_message |\n|        8 | test       | 2017-10-14 00:00:00 | 2017-10-14 00:00:00 | click      | test_message |\n+----------+------------+---------------------+---------------------+------------+--------------+\n8 rows in set (0.00 sec)\n```", "```go\nmysql> ALTER TABLE event_history ADD PARTITION\n(PARTITION p20171018 VALUES LESS THAN (736985) ENGINE = InnoDB,\n PARTITION p20171019 VALUES LESS THAN (736986) ENGINE = InnoDB);\nQuery OK, 0 rows affected (0.06 sec)\nRecords: 0  Duplicates: 0  Warnings: 0\n\nmysql> INSERT INTO event_history VALUES\n(9,'test','2017-10-17','2017-10-17','click','test_message'),(10,'test','2017-10-18','2017-10-18','click','test_message');\nQuery OK, 1 row affected (0.01 sec)\n\nmysql> SELECT * FROM event_history PARTITION (p20171018,p20171019);\n+----------+------------+---------------------+---------------------+------------+--------------+\n| event_id | event_name | created_at          | last_updated        | event_type | msg          |\n+----------+------------+---------------------+---------------------+------------+--------------+\n|        9 | test       | 2017-10-17 00:00:00 | 2017-10-17 00:00:00 | click      | test_message |\n|       10 | test       | 2017-10-18 00:00:00 | 2017-10-18 00:00:00 | click      | test_message |\n+----------+------------+---------------------+---------------------+------------+--------------+\n2 rows in set (0.00 sec)\n```", "```go\nmysql> ALTER TABLE event_history ADD PARTITION\n(PARTITION p20171018 VALUES LESS THAN (736985) ENGINE = InnoDB,\n PARTITION p20171019 VALUES LESS THAN (736986) ENGINE = InnoDB);\nQuery OK, 0 rows affected (0.05 sec)\nRecords: 0  Duplicates: 0  Warnings: 0\n```", "```go\nmysql> ALTER TABLE event_history DISCARD PARTITION p20171018, p20171019 TABLESPACE;\n Query OK, 0 rows affected (0.06 sec)\n```", "```go\nmysql> FLUSH TABLES event_history FOR EXPORT;\nQuery OK, 0 rows affected (0.01 sec)\n```", "```go\nshell> sudo scp -i /home/mysql/.ssh/id_rsa \\\n/var/lib/mysql/test/event_history#P#p20171018.ibd \\\n/var/lib/mysql/test/event_history#P#p20171019.ibd \\\nmysql@35.198.210.229:/var/lib/mysql/test/\nevent_history#P#p20171018.ibd                              100%  128KB 128.0KB/s   00:00   event_history#P#p20171019.ibd                              100%  128KB 128.0KB/s   00:00\n```", "```go\nshell> sudo ls -lhtr /var/lib/mysql/test/event_history#P#p20171018.ibd\n-rw-r----- 1 mysql mysql 128K Oct  7 17:54 /var/lib/mysql/test/event_history#P#p20171018.ibd\n\nshell> sudo ls -lhtr /var/lib/mysql/test/event_history#P#p20171019.ibd\n-rw-r----- 1 mysql mysql 128K Oct  7 17:54 /var/lib/mysql/test/event_history#P#p20171019.ibd\n```", "```go\nmysql> ALTER TABLE event_history IMPORT PARTITION p20171018, p20171019  TABLESPACE;\nQuery OK, 0 rows affected, 2 warnings (0.10 sec)\n```", "```go\nmysql> SHOW WARNINGS;\n+---------+------+----------------------------------------------------------------------------------------------------------------------------------------------------------------+\n|  Level   | Code | Message                                                                                                                                                         |\n+---------+------+----------------------------------------------------------------------------------------------------------------------------------------------------------------+\n|  Warning | 1810 | InnoDB: IO Read error: (2, No such file or directory) Error opening './test/event_history#P#p20171018.cfg', will attempt to import without schema verification |\n| Warning | 1810 | InnoDB: IO Read error: (2, No such file or directory) Error opening './test/event_history#P#p20171019.cfg', will attempt to import without schema verification |\n+---------+------+----------------------------------------------------------------------------------------------------------------------------------------------------------------+\n2 rows in set (0.00 sec)\n```", "```go\nmysql> SELECT * FROM event_history PARTITION (p20171018,p20171019);\n+----------+------------+---------------------+---------------------+------------+--------------+\n| event_id | event_name | created_at          | last_updated        | event_type | msg          |\n+----------+------------+---------------------+---------------------+------------+--------------+\n|        9 | test       | 2017-10-17 00:00:00 | 2017-10-17 00:00:00 | click      | test_message |\n|       10 | test       | 2017-10-18 00:00:00 | 2017-10-18 00:00:00 | click      | test_message |\n+----------+------------+---------------------+---------------------+------------+--------------+\n2 rows in set (0.00 sec)\n```", "```go\nshell> sudo ls -lhtr /var/lib/mysql/undo_00*\n-rw-r-----. 1 mysql mysql 19M Oct  7 17:43 /var/lib/mysql/undo_002\n-rw-r-----. 1 mysql mysql 16M Oct  7 17:43 /var/lib/mysql/undo_001\n```", "```go\nmysql> SELECT @@GLOBAL.innodb_undo_log_truncate;\n+-----------------------------------+\n| @@GLOBAL.innodb_undo_log_truncate |\n+-----------------------------------+\n|                                 1 |\n+-----------------------------------+\n1 row in set (0.00 sec)\n```", "```go\nmysql> SELECT @@GLOBAL.innodb_max_undo_log_size;\n+-----------------------------------+\n| @@GLOBAL.innodb_max_undo_log_size |\n+-----------------------------------+\n|                        1073741824 |\n+-----------------------------------+\n1 row in set (0.00 sec)\n\nmysql> SET @@GLOBAL.innodb_max_undo_log_size=15*1024*1024;\nQuery OK, 0 rows affected (0.00 sec)\n\nmysql> SELECT @@GLOBAL.innodb_max_undo_log_size;\n+-----------------------------------+\n| @@GLOBAL.innodb_max_undo_log_size |\n+-----------------------------------+\n|                          15728640 |\n+-----------------------------------+\n1 row in set (0.00 sec)\n```", "```go\nmysql> SELECT @@GLOBAL.innodb_purge_rseg_truncate_frequency;\n+-----------------------------------------------+\n| @@GLOBAL.innodb_purge_rseg_truncate_frequency |\n+-----------------------------------------------+\n|                                           128 |\n+-----------------------------------------------+\n1 row in set (0.00 sec)\n\nmysql> SET @@GLOBAL.innodb_purge_rseg_truncate_frequency=1;\nQuery OK, 0 rows affected (0.00 sec)\n\nmysql> SELECT @@GLOBAL.innodb_purge_rseg_truncate_frequency;\n+-----------------------------------------------+\n| @@GLOBAL.innodb_purge_rseg_truncate_frequency |\n+-----------------------------------------------+\n|                                             1 |\n+-----------------------------------------------+\n1 row in set (0.00 sec)\n```", "```go\nmysql> BEGIN;\nQuery OK, 0 rows affected (0.00 sec)\n\nmysql> DELETE FROM employees;\nQuery OK, 300025 rows affected (16.23 sec)\n\nmysql> ROLLBACK;\nQuery OK, 0 rows affected (2.38 sec)\n```", "```go\nshell> sudo ls -lhtr /var/lib/mysql/undo_00*\n-rw-r-----. 1 mysql mysql 19M Oct  7 17:43 /var/lib/mysql/undo_002\n-rw-r-----. 1 mysql mysql 16M Oct  7 17:43 /var/lib/mysql/undo_001\n\nshell> sudo ls -lhtr /var/lib/mysql/undo_00*\n-rw-r-----. 1 mysql mysql 10M Oct  8 04:52 /var/lib/mysql/undo_001\n-rw-r-----. 1 mysql mysql 27M Oct  8 04:52 /var/lib/mysql/undo_002\n\nshell> sudo ls -lhtr /var/lib/mysql/undo_00*\n-rw-r-----. 1 mysql mysql 10M Oct  8 04:52 /var/lib/mysql/undo_001\n-rw-r-----. 1 mysql mysql 28M Oct  8 04:52 /var/lib/mysql/undo_002\n\nshell> sudo ls -lhtr /var/lib/mysql/undo_00*\n-rw-r-----. 1 mysql mysql 10M Oct  8 04:52 /var/lib/mysql/undo_001\n-rw-r-----. 1 mysql mysql 29M Oct  8 04:52 /var/lib/mysql/undo_002\n\nshell> sudo ls -lhtr /var/lib/mysql/undo_00*\n-rw-r-----. 1 mysql mysql 10M Oct  8 04:52 /var/lib/mysql/undo_001\n-rw-r-----. 1 mysql mysql 29M Oct  8 04:52 /var/lib/mysql/undo_002\n```", "```go\nshell> sudo ls -lhtr /var/lib/mysql/undo_00*\n-rw-r-----. 1 mysql mysql 10M Oct  8 04:52 /var/lib/mysql/undo_001\n-rw-r-----. 1 mysql mysql 10M Oct  8 04:54 /var/lib/mysql/undo_002\n```", "```go\nmysql> SELECT @@GLOBAL.innodb_purge_rseg_truncate_frequency;\n+-----------------------------------------------+\n| @@GLOBAL.innodb_purge_rseg_truncate_frequency |\n+-----------------------------------------------+\n|                                             1 |\n+-----------------------------------------------+\n1 row in set (0.00 sec)\n\nmysql> SET @@GLOBAL.innodb_purge_rseg_truncate_frequency=128;\nQuery OK, 0 rows affected (0.00 sec)\n\nmysql> SELECT @@GLOBAL.innodb_purge_rseg_truncate_frequency;\n+-----------------------------------------------+\n| @@GLOBAL.innodb_purge_rseg_truncate_frequency |\n+-----------------------------------------------+\n|                                           128 |\n+-----------------------------------------------+\n1 row in set (0.01 sec)\n```", "```go\nmysql> CREATE TABLESPACE `ts1` ADD DATAFILE 'ts1.ibd' Engine=InnoDB;\nQuery OK, 0 rows affected (0.02 sec)\n```", "```go\nshell> sudo chown mysql:mysql /var/lib/mysql_general_ts\n\nmysql> CREATE TABLESPACE `ts2` ADD DATAFILE '/var/lib/mysql_general_ts/ts2.ibd' Engine=InnoDB;Query OK, 0 rows affected (0.02 sec)\n```", "```go\nmysql> CREATE TABLE employees.table_gen_ts1 (id INT PRIMARY KEY) TABLESPACE ts1;\nQuery OK, 0 rows affected (0.01 sec)\n```", "```go\nmysql> USE employees;\nDatabase changed\n\nmysql> ALTER TABLE employees TABLESPACE ts2;\nQuery OK, 0 rows affected (3.93 sec)\nRecords: 0  Duplicates: 0  Warnings: 0\n```", "```go\nshell> sudo ls -lhtr /var/lib/mysql_general_ts/ts2.ibd\n-rw-r-----. 1 mysql mysql 32M Oct  8 17:07 /var/lib/mysql_general_ts/ts2.ibd\n```", "```go\nmysql> ALTER TABLE employees TABLESPACE ts1;\nQuery OK, 0 rows affected (3.83 sec)\nRecords: 0  Duplicates: 0  Warnings: 0\n\nshell> sudo ls -lhtr /var/lib/mysql/ts1.ibd \n-rw-r-----. 1 mysql mysql 32M Oct  8 17:16 /var/lib/mysql/ts1.ibd\n```", "```go\nmysql> ALTER TABLE employees TABLESPACE innodb_file_per_table;\nQuery OK, 0 rows affected (4.05 sec)\nRecords: 0  Duplicates: 0  Warnings: 0\n\nshell> sudo ls -lhtr /var/lib/mysql/employees/employees.ibd \n-rw-r-----. 1 mysql mysql 32M Oct  8 17:18 /var/lib/mysql/employees/employees.ibd\n```", "```go\nmysql> ALTER TABLE employees TABLESPACE innodb_system;\nQuery OK, 0 rows affected (5.28 sec)\nRecords: 0  Duplicates: 0  Warnings: 0\n```", "```go\nmysql> CREATE TABLE table_gen_part_ts1 (id INT, value varchar(100)) ENGINE = InnoDB\n       PARTITION BY RANGE(id) (\n        PARTITION p1 VALUES LESS THAN (1000000) TABLESPACE ts1,\n        PARTITION p2 VALUES LESS THAN (2000000) TABLESPACE ts2,\n        PARTITION p3 VALUES LESS THAN (3000000) TABLESPACE innodb_file_per_table,\n        PARTITION pmax VALUES LESS THAN (MAXVALUE) TABLESPACE innodb_system);\nQuery OK, 0 rows affected (0.19 sec)\n```", "```go\nmysql> ALTER TABLE table_gen_part_ts1 REORGANIZE PARTITION p3 INTO (PARTITION p3 VALUES LESS THAN (3000000) TABLESPACE ts2);\n```", "```go\nmysql> DROP TABLESPACE ts2;\nERROR 3120 (HY000): Tablespace `ts2` is not empty.\n```", "```go\nmysql> ALTER TABLE table_gen_part_ts1 REORGANIZE PARTITION p2 INTO (PARTITION p2 VALUES LESS THAN (3000000) TABLESPACE ts1);\n\nmysql> ALTER TABLE table_gen_part_ts1 REORGANIZE PARTITION p3 INTO (PARTITION p3 VALUES LESS THAN (3000000) TABLESPACE ts1);\n```", "```go\nmysql> DROP TABLESPACE ts2;\nQuery OK, 0 rows affected (0.01 sec)\n```", "```go\nmysql> SET GLOBAL innodb_file_per_table=1;\n```", "```go\nmysql> CREATE TABLE compressed_table (id INT PRIMARY KEY) ROW_FORMAT=COMPRESSED KEY_BLOCK_SIZE=8;\nQuery OK, 0 rows affected (0.07 sec)\n```", "```go\nmysql> ALTER TABLE event_history ROW_FORMAT=COMPRESSED KEY_BLOCK_SIZE=8;\nQuery OK, 0 rows affected (0.67 sec)\nRecords: 0  Duplicates: 0  Warnings: 0\n```", "```go\nmysql> ALTER TABLE employees ROW_FORMAT=COMPRESSED KEY_BLOCK_SIZE=8;\nERROR 1478 (HY000): InnoDB: Tablespace `innodb_system` cannot contain a COMPRESSED table\n```", "```go\nmysql> ALTER TABLE event_history ROW_FORMAT=DYNAMIC KEY_BLOCK_SIZE=0;\nQuery OK, 0 rows affected (0.53 sec)\nRecords: 0  Duplicates: 0  Warnings: 0\n```", "```go\nmysql> CREATE TABLESPACE `ts_8k` ADD DATAFILE 'ts_8k.ibd' FILE_BLOCK_SIZE = 8192 Engine=InnoDB;\nQuery OK, 0 rows affected (0.01 sec)\n\nmysql> CREATE TABLESPACE `ts_4k` ADD DATAFILE 'ts_4k.ibd' FILE_BLOCK_SIZE = 4096 Engine=InnoDB;\nQuery OK, 0 rows affected (0.04 sec)\n```", "```go\nmysql> CREATE TABLE compress_table_1_8k (id INT PRIMARY KEY) TABLESPACE ts_8k ROW_FORMAT=COMPRESSED;\nQuery OK, 0 rows affected (0.01 sec)\n```", "```go\nmysql> CREATE TABLE compress_table_2_8k (id INT PRIMARY KEY) TABLESPACE ts_8k;\nERROR 1478 (HY000): InnoDB: Tablespace `ts_8k` uses block size 8192 and cannot contain a table with physical page size 16384\n```", "```go\nmysql> CREATE TABLE compress_table_8k (id INT PRIMARY KEY) TABLESPACE ts_8k ROW_FORMAT=COMPRESSED KEY_BLOCK_SIZE=8;\nQuery OK, 0 rows affected (0.01 sec)\n```", "```go\nmysql> CREATE TABLE compress_table_2_8k (id INT PRIMARY KEY) TABLESPACE ts_8k ROW_FORMAT=COMPRESSED KEY_BLOCK_SIZE=4;\nERROR 1478 (HY000): InnoDB: Tablespace `ts_8k` uses block size 8192 and cannot contain a table with physical page size 4096\n```", "```go\nmysql> CREATE TABLE compress_tables_4k (id INT PRIMARY KEY) TABLESPACE innodb_file_per_table ROW_FORMAT=COMPRESSED KEY_BLOCK_SIZE=4;\nQuery OK, 0 rows affected (0.02 sec)\n\nmysql> ALTER TABLE compress_tables_4k TABLESPACE ts_4k;\nQuery OK, 0 rows affected (0.02 sec)\nRecords: 0  Duplicates: 0  Warnings: 0\n\nmysql> ALTER TABLE compress_tables_4k TABLESPACE ts_8k;\nERROR 1478 (HY000): InnoDB: Tablespace `ts_8k` uses block size 8192 and cannot contain a table with physical page size 4096\n```"]